{
  "cosine": {
    "distance_matrix_summary": {
      "mean": 0.950093,
      "std": 0.111521,
      "min_nonzero": 0.0007,
      "max": 1.0
    },
    "variance_ratios": [
      0.060708,
      0.051421,
      0.038304,
      0.028482,
      0.019853,
      0.017238,
      0.016365,
      0.014868
    ],
    "cumulative_variance": 0.24724,
    "projection_shape": [
      452,
      8
    ],
    "projections_sample": [
      [
        0.3453,
        -0.135,
        -0.1387,
        -0.1518,
        0.088,
        0.005,
        -0.0289,
        0.0055
      ],
      [
        0.384,
        -0.1505,
        -0.1576,
        -0.1467,
        0.0361,
        0.0132,
        -0.0159,
        -0.0005
      ],
      [
        0.3592,
        -0.1414,
        -0.148,
        -0.1588,
        0.0756,
        0.0122,
        -0.0218,
        0.0054
      ],
      [
        0.2422,
        -0.0739,
        -0.0309,
        0.0587,
        -0.2061,
        0.0472,
        0.1946,
        -0.0406
      ],
      [
        0.2336,
        -0.0674,
        -0.0305,
        0.0846,
        -0.1701,
        0.0223,
        0.0419,
        0.0105
      ]
    ]
  },
  "euclidean": {
    "distance_matrix_summary": {
      "mean": 1.368935,
      "std": 0.113827,
      "min_nonzero": 0.037429,
      "max": 1.414214
    },
    "variance_ratios": [
      0.24554,
      0.207977,
      0.154923,
      0.115199,
      0.080299,
      0.069724,
      0.066195,
      0.060142
    ],
    "cumulative_variance": 1.0,
    "projection_shape": [
      452,
      8
    ],
    "projections_sample": [
      [
        -0.3453,
        0.135,
        -0.1387,
        0.1518,
        -0.0879,
        0.0052,
        -0.0287,
        0.0038
      ],
      [
        -0.384,
        0.1505,
        -0.1576,
        0.1467,
        -0.0356,
        0.0112,
        -0.0137,
        -0.0037
      ],
      [
        -0.3592,
        0.1414,
        -0.148,
        0.1587,
        -0.0753,
        0.0112,
        -0.0203,
        0.0029
      ],
      [
        -0.2422,
        0.0739,
        -0.0309,
        -0.0587,
        0.2059,
        0.0477,
        0.1937,
        -0.0388
      ],
      [
        -0.2336,
        0.0674,
        -0.0305,
        -0.0846,
        0.1701,
        0.0223,
        0.0418,
        0.0109
      ]
    ]
  },
  "manhattan": {
    "distance_matrix_summary": {
      "mean": 7.914531,
      "std": 2.489053,
      "min_nonzero": 0.051165,
      "max": 16.195225
    },
    "variance_ratios": [
      0.361589,
      0.172347,
      0.142508,
      0.093254,
      0.072736,
      0.056027,
      0.052024,
      0.049515
    ],
    "cumulative_variance": 1.0,
    "projection_shape": [
      452,
      8
    ],
    "projections_sample": [
      [
        2.4001,
        -0.807,
        1.0124,
        -0.5378,
        2.0583,
        -0.259,
        1.0718,
        -0.4129
      ],
      [
        2.3778,
        -0.6809,
        1.3197,
        -0.5418,
        1.3829,
        0.5179,
        1.2207,
        0.3628
      ],
      [
        2.5956,
        -0.7672,
        1.2368,
        -0.5999,
        2.4874,
        -0.5144,
        1.1424,
        0.0782
      ],
      [
        0.9567,
        0.9232,
        1.8448,
        -0.2645,
        -0.3288,
        0.7417,
        -0.6539,
        0.8859
      ],
      [
        1.2306,
        0.5874,
        1.6763,
        -0.2085,
        -0.2289,
        0.3408,
        -0.1716,
        0.339
      ]
    ]
  },
  "centered_cosine": {
    "distance_matrix_summary": {
      "mean": 0.999978,
      "std": 0.115163,
      "min_nonzero": 0.0,
      "max": 1.27944
    },
    "variance_ratios": [
      0.275171,
      0.206767,
      0.151509,
      0.11601,
      0.080072,
      0.061205,
      0.059411,
      0.049857
    ],
    "cumulative_variance": 1.0,
    "projection_shape": [
      452,
      8
    ],
    "projections_sample": [
      [
        -0.3762,
        0.1025,
        -0.1028,
        0.1499,
        0.0725,
        -0.0159,
        0.0169,
        -0.0053
      ],
      [
        -0.419,
        0.1139,
        -0.1157,
        0.1358,
        0.0227,
        -0.0036,
        0.0243,
        0.025
      ],
      [
        -0.3887,
        0.1068,
        -0.1088,
        0.1537,
        0.0601,
        -0.0181,
        0.0143,
        0.0042
      ],
      [
        -0.2552,
        0.0411,
        -0.0005,
        -0.0826,
        -0.2154,
        -0.0429,
        -0.1727,
        0.0865
      ],
      [
        -0.2484,
        0.0344,
        -0.002,
        -0.1141,
        -0.157,
        -0.0127,
        -0.0291,
        -0.0185
      ]
    ]
  },
  "rank_distance": {
    "distance_matrix_summary": {
      "mean": 0.144019,
      "std": 0.196556,
      "min_nonzero": 2.4e-05,
      "max": 0.881816
    },
    "variance_ratios": [
      0.410861,
      0.178042,
      0.143688,
      0.067954,
      0.05651,
      0.052532,
      0.046937,
      0.043476
    ],
    "cumulative_variance": 1.0,
    "projection_shape": [
      452,
      8
    ],
    "projections_sample": [
      [
        0.0318,
        -0.032,
        0.0056,
        -0.0043,
        0.019,
        -0.007,
        0.0098,
        -0.0049
      ],
      [
        0.0192,
        0.0083,
        0.0041,
        0.0016,
        -0.0027,
        0.0009,
        -0.0014,
        -0.0002
      ],
      [
        0.0194,
        0.0073,
        0.0043,
        0.0012,
        -0.001,
        0.0008,
        -0.0007,
        -0.0002
      ],
      [
        0.0199,
        0.0122,
        0.0033,
        0.0017,
        -0.0036,
        0.0028,
        -0.0013,
        -0.0007
      ],
      [
        0.0193,
        0.0101,
        0.004,
        0.0029,
        -0.0025,
        -0.0015,
        -0.0017,
        -0.0005
      ]
    ]
  },
  "_cross_metric_alignment": [
    {
      "metric_1": "cosine",
      "metric_2": "euclidean",
      "axis_correlations": [
        -1.0,
        -1.0,
        1.0
      ],
      "mean_correlation": -0.3333
    },
    {
      "metric_1": "cosine",
      "metric_2": "manhattan",
      "axis_correlations": [
        0.9538,
        0.9613,
        0.8877
      ],
      "mean_correlation": 0.9343
    },
    {
      "metric_1": "cosine",
      "metric_2": "centered_cosine",
      "axis_correlations": [
        -0.9998,
        -0.9994,
        0.9996
      ],
      "mean_correlation": -0.3332
    },
    {
      "metric_1": "cosine",
      "metric_2": "rank_distance",
      "axis_correlations": [
        0.2333,
        0.3807,
        -0.5948
      ],
      "mean_correlation": 0.0064
    },
    {
      "metric_1": "euclidean",
      "metric_2": "manhattan",
      "axis_correlations": [
        -0.9538,
        -0.9613,
        0.8877
      ],
      "mean_correlation": -0.3425
    },
    {
      "metric_1": "euclidean",
      "metric_2": "centered_cosine",
      "axis_correlations": [
        0.9998,
        0.9994,
        0.9996
      ],
      "mean_correlation": 0.9996
    },
    {
      "metric_1": "euclidean",
      "metric_2": "rank_distance",
      "axis_correlations": [
        -0.2333,
        -0.3807,
        -0.5948
      ],
      "mean_correlation": -0.4029
    },
    {
      "metric_1": "manhattan",
      "metric_2": "centered_cosine",
      "axis_correlations": [
        -0.9552,
        -0.9665,
        0.9005
      ],
      "mean_correlation": -0.3404
    },
    {
      "metric_1": "manhattan",
      "metric_2": "rank_distance",
      "axis_correlations": [
        0.3308,
        0.5242,
        -0.8937
      ],
      "mean_correlation": -0.0129
    },
    {
      "metric_1": "centered_cosine",
      "metric_2": "rank_distance",
      "axis_correlations": [
        -0.2444,
        -0.4086,
        -0.6169
      ],
      "mean_correlation": -0.4233
    }
  ]
}